record_code,batch_code,sample_date,pig_age_days,avg_weight,total_feed_quantity,feeding_count,avg_feeding_interval_hours,pen_code,pen_capacity,pen_status,growth_stage,feed_type_mode,device_code,window_days
SYNREC001,SYNBATCH001,2026-03-27T07:00:00Z,118,72.2,3.35,2,11.3,SYNPEN001,30,available,FINISHER,manual,SYNDEV001,1
SYNREC002,SYNBATCH001,2026-03-28T04:00:00Z,121,78.7,3.33,2,12.2,SYNPEN001,30,available,FINISHER,manual,SYNDEV001,1
SYNREC003,SYNBATCH001,2026-03-29T01:00:00Z,128,84.3,3.82,2,12.3,SYNPEN001,30,available,FINISHER,manual,SYNDEV001,7
SYNREC004,SYNBATCH001,2026-03-30T08:00:00Z,132,88.0,3.39,2,11.7,SYNPEN001,30,available,FINISHER,manual,SYNDEV001,1
SYNREC005,SYNBATCH001,2026-03-31T05:00:00Z,133,91.5,3.74,3,8.0,SYNPEN001,30,available,FINISHER,manual,SYNDEV001,1
SYNREC006,SYNBATCH002,2026-04-01T06:00:00Z,48,13.1,1.84,3,8.4,SYNPEN002,18,available,STARTER,manual,SYNDEV002,1
SYNREC007,SYNBATCH002,2026-04-02T03:00:00Z,49,16.8,2.04,4,6.0,SYNPEN002,18,available,STARTER,manual,SYNDEV002,1
SYNREC008,SYNBATCH002,2026-04-03T00:00:00Z,62,23.7,2.35,4,6.0,SYNPEN002,18,available,STARTER,manual,SYNDEV002,1
SYNREC009,SYNBATCH002,2026-04-04T07:00:00Z,63,22.9,2.01,4,5.6,SYNPEN002,18,available,STARTER,manual,SYNDEV002,1
SYNREC010,SYNBATCH002,2026-04-05T04:00:00Z,71,28.1,3.28,4,6.0,SYNPEN002,18,available,GROWER,manual,SYNDEV002,1
SYNREC011,SYNBATCH003,2026-04-06T05:00:00Z,97,53.4,2.91,4,5.8,SYNPEN003,14,available,GROWER,manual,SYNDEV003,1
SYNREC012,SYNBATCH003,2026-04-07T02:00:00Z,103,61.7,3.35,4,6.5,SYNPEN003,14,available,GROWER,manual,SYNDEV003,1
SYNREC013,SYNBATCH003,2026-03-11T23:00:00Z,114,72.7,3.12,3,8.6,SYNPEN003,14,available,FINISHER,manual,SYNDEV003,1
SYNREC014,SYNBATCH003,2026-03-13T06:00:00Z,121,80.0,3.16,2,12.3,SYNPEN003,14,available,FINISHER,manual,SYNDEV003,1
SYNREC015,SYNBATCH003,2026-03-14T03:00:00Z,123,79.3,3.63,3,8.5,SYNPEN003,14,available,FINISHER,manual,SYNDEV003,1
SYNREC016,SYNBATCH004,2026-03-15T04:00:00Z,51,18.2,2.17,4,6.6,SYNPEN004,28,occupied,STARTER,manual,SYNDEV004,1
SYNREC017,SYNBATCH004,2026-03-16T01:00:00Z,61,25.8,1.98,4,6.2,SYNPEN004,28,occupied,STARTER,manual,SYNDEV004,7
SYNREC018,SYNBATCH004,2026-03-17T08:00:00Z,63,24.4,2.11,4,5.5,SYNPEN004,28,occupied,STARTER,manual,SYNDEV004,1
SYNREC019,SYNBATCH004,2026-03-18T05:00:00Z,67,28.1,2.2,4,5.4,SYNPEN004,28,occupied,STARTER,manual,SYNDEV004,1
SYNREC020,SYNBATCH004,2026-03-19T02:00:00Z,76,33.6,2.47,3,7.9,SYNPEN004,28,occupied,GROWER,manual,SYNDEV004,1
SYNREC021,SYNBATCH005,2026-03-20T03:00:00Z,69,26.0,2.54,4,6.0,SYNPEN005,10,available,STARTER,manual,SYNDEV005,7
SYNREC022,SYNBATCH005,2026-03-21T00:00:00Z,71,25.9,2.59,3,8.0,SYNPEN005,10,available,GROWER,manual,SYNDEV005,7
SYNREC023,SYNBATCH005,2026-03-22T07:00:00Z,80,36.7,2.87,3,8.3,SYNPEN005,10,available,GROWER,manual,SYNDEV005,1
SYNREC024,SYNBATCH005,2026-03-23T04:00:00Z,82,37.2,2.8,3,8.6,SYNPEN005,10,available,GROWER,manual,SYNDEV005,1
SYNREC025,SYNBATCH005,2026-03-24T01:00:00Z,86,41.4,2.59,3,8.0,SYNPEN005,10,available,GROWER,manual,SYNDEV005,1
SYNREC026,SYNBATCH006,2026-03-25T02:00:00Z,91,47.7,2.5,4,6.0,SYNPEN006,17,available,GROWER,manual,SYNDEV006,1
SYNREC027,SYNBATCH006,2026-03-25T23:00:00Z,96,53.2,3.33,3,7.6,SYNPEN006,17,available,GROWER,manual,SYNDEV006,7
SYNREC028,SYNBATCH006,2026-03-27T06:00:00Z,103,58.2,2.61,3,7.5,SYNPEN006,17,available,GROWER,manual,SYNDEV006,7
SYNREC029,SYNBATCH006,2026-03-28T03:00:00Z,116,70.8,4.18,2,12.1,SYNPEN006,17,available,FINISHER,manual,SYNDEV006,7
SYNREC030,SYNBATCH006,2026-03-29T00:00:00Z,118,75.5,3.57,3,8.8,SYNPEN006,17,available,FINISHER,manual,SYNDEV006,7
SYNREC031,SYNBATCH007,2026-03-30T01:00:00Z,50,16.5,2.19,4,5.5,SYNPEN007,30,occupied,STARTER,manual,SYNDEV007,7
SYNREC032,SYNBATCH007,2026-03-31T08:00:00Z,55,18.8,2.53,4,5.5,SYNPEN007,30,occupied,STARTER,manual,SYNDEV007,1
SYNREC033,SYNBATCH007,2026-04-01T05:00:00Z,58,19.0,1.76,3,8.6,SYNPEN007,30,occupied,STARTER,manual,SYNDEV007,7
SYNREC034,SYNBATCH007,2026-04-02T02:00:00Z,67,26.4,2.55,3,8.2,SYNPEN007,30,occupied,STARTER,manual,SYNDEV007,1
SYNREC035,SYNBATCH007,2026-04-02T23:00:00Z,79,37.1,2.48,4,6.1,SYNPEN007,30,occupied,GROWER,manual,SYNDEV007,1
SYNREC036,SYNBATCH008,2026-04-04T00:00:00Z,69,28.8,2.06,4,5.8,SYNPEN008,24,occupied,STARTER,manual,SYNDEV008,1
SYNREC037,SYNBATCH008,2026-04-05T07:00:00Z,70,29.2,2.41,3,8.2,SYNPEN008,24,occupied,GROWER,manual,SYNDEV008,1
SYNREC038,SYNBATCH008,2026-04-06T04:00:00Z,73,31.7,2.94,3,7.6,SYNPEN008,24,occupied,GROWER,manual,SYNDEV008,1
SYNREC039,SYNBATCH008,2026-04-07T01:00:00Z,84,41.6,3.28,3,7.6,SYNPEN008,24,occupied,GROWER,manual,SYNDEV008,1
SYNREC040,SYNBATCH008,2026-03-12T08:00:00Z,85,44.2,3.38,4,6.0,SYNPEN008,24,occupied,GROWER,manual,SYNDEV008,1
SYNREC041,SYNBATCH009,2026-03-12T23:00:00Z,117,76.0,4.08,2,11.0,SYNPEN009,15,occupied,FINISHER,automatic,SYNDEV009,1
SYNREC042,SYNBATCH009,2026-03-14T06:00:00Z,118,75.7,3.33,3,8.4,SYNPEN009,15,occupied,FINISHER,automatic,SYNDEV009,1
SYNREC043,SYNBATCH009,2026-03-15T03:00:00Z,122,82.0,3.64,3,8.6,SYNPEN009,15,occupied,FINISHER,automatic,SYNDEV009,1
SYNREC044,SYNBATCH009,2026-03-16T00:00:00Z,142,101.4,3.57,3,7.4,SYNPEN009,15,occupied,FINISHER,automatic,SYNDEV009,1
SYNREC045,SYNBATCH009,2026-03-17T07:00:00Z,144,103.1,4.18,3,8.0,SYNPEN009,15,occupied,FINISHER,automatic,SYNDEV009,7
SYNREC046,SYNBATCH010,2026-03-18T08:00:00Z,101,56.0,3.3,4,6.4,SYNPEN010,18,available,GROWER,manual,SYNDEV010,1
SYNREC047,SYNBATCH010,2026-03-19T05:00:00Z,103,57.1,2.53,3,8.7,SYNPEN010,18,available,GROWER,manual,SYNDEV010,1
SYNREC048,SYNBATCH010,2026-03-20T02:00:00Z,104,57.8,2.61,3,7.5,SYNPEN010,18,available,GROWER,manual,SYNDEV010,7
SYNREC049,SYNBATCH010,2026-03-20T23:00:00Z,129,86.5,3.92,3,7.7,SYNPEN010,18,available,FINISHER,manual,SYNDEV010,1
SYNREC050,SYNBATCH010,2026-03-22T06:00:00Z,131,85.4,4.07,2,12.0,SYNPEN010,18,available,FINISHER,manual,SYNDEV010,1
SYNREC051,SYNBATCH011,2026-03-23T07:00:00Z,89,46.0,2.56,3,7.9,SYNPEN011,20,available,GROWER,manual,SYNDEV011,1
SYNREC052,SYNBATCH011,2026-03-24T04:00:00Z,103,59.7,2.62,3,8.0,SYNPEN011,20,available,GROWER,manual,SYNDEV011,1
SYNREC053,SYNBATCH011,2026-03-25T01:00:00Z,105,61.0,2.62,3,8.0,SYNPEN011,20,available,GROWER,manual,SYNDEV011,1
SYNREC054,SYNBATCH011,2026-03-26T08:00:00Z,107,61.6,3.37,3,8.3,SYNPEN011,20,available,GROWER,manual,SYNDEV011,7
SYNREC055,SYNBATCH011,2026-03-27T05:00:00Z,109,64.4,3.38,4,6.5,SYNPEN011,20,available,GROWER,manual,SYNDEV011,1
SYNREC056,SYNBATCH012,2026-03-28T06:00:00Z,64,23.7,2.24,3,8.5,SYNPEN012,22,available,STARTER,automatic,SYNDEV012,7
SYNREC057,SYNBATCH012,2026-03-29T03:00:00Z,68,25.4,2.59,4,6.5,SYNPEN012,22,available,STARTER,automatic,SYNDEV012,1
SYNREC058,SYNBATCH012,2026-03-30T00:00:00Z,71,28.7,2.44,3,8.1,SYNPEN012,22,available,GROWER,automatic,SYNDEV012,1
SYNREC059,SYNBATCH012,2026-03-31T07:00:00Z,81,40.1,2.83,3,8.7,SYNPEN012,22,available,GROWER,automatic,SYNDEV012,1
SYNREC060,SYNBATCH012,2026-04-01T04:00:00Z,93,50.6,3.25,4,5.8,SYNPEN012,22,available,GROWER,automatic,SYNDEV012,1
SYNREC061,SYNBATCH013,2026-04-02T05:00:00Z,124,81.6,3.24,3,8.7,SYNPEN013,21,occupied,FINISHER,manual,SYNDEV013,1
SYNREC062,SYNBATCH013,2026-04-03T02:00:00Z,125,82.7,3.73,3,8.6,SYNPEN013,21,occupied,FINISHER,manual,SYNDEV013,1
SYNREC063,SYNBATCH013,2026-04-03T23:00:00Z,127,86.2,3.33,3,8.2,SYNPEN013,21,occupied,FINISHER,manual,SYNDEV013,1
SYNREC064,SYNBATCH013,2026-04-05T06:00:00Z,128,86.9,3.59,3,8.1,SYNPEN013,21,occupied,FINISHER,manual,SYNDEV013,1
SYNREC065,SYNBATCH013,2026-04-06T03:00:00Z,137,96.0,3.19,3,8.3,SYNPEN013,21,occupied,FINISHER,manual,SYNDEV013,1
SYNREC066,SYNBATCH014,2026-04-07T04:00:00Z,48,14.9,1.9,4,5.4,SYNPEN014,24,available,STARTER,automatic,SYNDEV014,1
SYNREC067,SYNBATCH014,2026-03-12T01:00:00Z,62,25.6,2.25,4,5.9,SYNPEN014,24,available,STARTER,automatic,SYNDEV014,1
SYNREC068,SYNBATCH014,2026-03-13T08:00:00Z,65,26.5,2.33,4,5.7,SYNPEN014,24,available,STARTER,automatic,SYNDEV014,1
SYNREC069,SYNBATCH014,2026-03-14T05:00:00Z,67,26.7,2.4,3,8.5,SYNPEN014,24,available,STARTER,automatic,SYNDEV014,7
SYNREC070,SYNBATCH014,2026-03-15T02:00:00Z,71,32.1,2.96,3,7.6,SYNPEN014,24,available,GROWER,automatic,SYNDEV014,1
SYNREC071,SYNBATCH015,2026-03-16T03:00:00Z,99,54.7,3.01,3,8.1,SYNPEN015,12,occupied,GROWER,automatic,SYNDEV015,7
SYNREC072,SYNBATCH015,2026-03-17T00:00:00Z,105,59.6,3.14,3,7.8,SYNPEN015,12,occupied,GROWER,automatic,SYNDEV015,1
SYNREC073,SYNBATCH015,2026-03-18T07:00:00Z,106,61.6,2.68,4,6.0,SYNPEN015,12,occupied,GROWER,automatic,SYNDEV015,1
SYNREC074,SYNBATCH015,2026-03-19T04:00:00Z,108,63.3,2.84,3,7.7,SYNPEN015,12,occupied,GROWER,automatic,SYNDEV015,1
SYNREC075,SYNBATCH015,2026-03-20T01:00:00Z,110,62.9,4.08,3,7.6,SYNPEN015,12,occupied,FINISHER,automatic,SYNDEV015,7
SYNREC076,SYNBATCH016,2026-03-21T02:00:00Z,120,75.9,3.46,3,7.5,SYNPEN016,28,available,FINISHER,manual,SYNDEV016,7
SYNREC077,SYNBATCH016,2026-03-21T23:00:00Z,122,78.5,4.1,3,8.4,SYNPEN016,28,available,FINISHER,manual,SYNDEV016,7
SYNREC078,SYNBATCH016,2026-03-23T06:00:00Z,124,79.8,3.11,3,8.5,SYNPEN016,28,available,FINISHER,manual,SYNDEV016,7
SYNREC079,SYNBATCH016,2026-03-24T03:00:00Z,131,88.0,3.92,3,8.2,SYNPEN016,28,available,FINISHER,manual,SYNDEV016,1
SYNREC080,SYNBATCH016,2026-03-25T00:00:00Z,140,97.4,3.34,3,7.4,SYNPEN016,28,available,FINISHER,manual,SYNDEV016,1
SYNREC081,SYNBATCH017,2026-03-26T01:00:00Z,120,78.5,4.11,3,8.1,SYNPEN017,11,occupied,FINISHER,manual,SYNDEV017,7
SYNREC082,SYNBATCH017,2026-03-27T08:00:00Z,127,82.7,3.72,3,8.3,SYNPEN017,11,occupied,FINISHER,manual,SYNDEV017,1
SYNREC083,SYNBATCH017,2026-03-28T05:00:00Z,136,93.2,3.3,3,7.9,SYNPEN017,11,occupied,FINISHER,manual,SYNDEV017,7
SYNREC084,SYNBATCH017,2026-03-29T02:00:00Z,138,97.6,3.47,3,7.8,SYNPEN017,11,occupied,FINISHER,manual,SYNDEV017,7
SYNREC085,SYNBATCH017,2026-03-29T23:00:00Z,140,98.3,4.02,3,8.4,SYNPEN017,11,occupied,FINISHER,manual,SYNDEV017,1
SYNREC086,SYNBATCH018,2026-03-31T00:00:00Z,76,32.8,2.44,4,5.7,SYNPEN018,19,available,GROWER,manual,SYNDEV018,1
SYNREC087,SYNBATCH018,2026-04-01T07:00:00Z,81,37.9,2.55,4,6.2,SYNPEN018,19,available,GROWER,manual,SYNDEV018,1
SYNREC088,SYNBATCH018,2026-04-02T04:00:00Z,94,52.6,3.1,3,7.6,SYNPEN018,19,available,GROWER,manual,SYNDEV018,1
SYNREC089,SYNBATCH018,2026-04-03T01:00:00Z,98,54.0,3.36,3,7.4,SYNPEN018,19,available,GROWER,manual,SYNDEV018,1
SYNREC090,SYNBATCH018,2026-04-04T08:00:00Z,104,62.7,3.08,4,5.9,SYNPEN018,19,available,GROWER,manual,SYNDEV018,1
SYNREC091,SYNBATCH019,2026-04-04T23:00:00Z,46,14.0,2.33,3,8.4,SYNPEN019,13,occupied,STARTER,automatic,SYNDEV019,1
SYNREC092,SYNBATCH019,2026-04-06T06:00:00Z,57,21.0,2.4,4,5.9,SYNPEN019,13,occupied,STARTER,automatic,SYNDEV019,1
SYNREC093,SYNBATCH019,2026-04-07T03:00:00Z,59,22.2,2.16,3,8.6,SYNPEN019,13,occupied,STARTER,automatic,SYNDEV019,7
SYNREC094,SYNBATCH019,2026-03-12T00:00:00Z,61,23.5,2.09,3,8.6,SYNPEN019,13,occupied,STARTER,automatic,SYNDEV019,7
SYNREC095,SYNBATCH019,2026-03-13T07:00:00Z,65,25.3,1.84,4,6.0,SYNPEN019,13,occupied,STARTER,automatic,SYNDEV019,1
SYNREC096,SYNBATCH020,2026-03-14T08:00:00Z,123,79.3,3.58,3,7.8,SYNPEN020,24,occupied,FINISHER,manual,SYNDEV020,1
SYNREC097,SYNBATCH020,2026-03-15T05:00:00Z,125,80.4,3.41,2,12.0,SYNPEN020,24,occupied,FINISHER,manual,SYNDEV020,7
SYNREC098,SYNBATCH020,2026-03-16T02:00:00Z,132,89.4,3.13,3,7.7,SYNPEN020,24,occupied,FINISHER,manual,SYNDEV020,1
SYNREC099,SYNBATCH020,2026-03-16T23:00:00Z,133,88.7,3.98,3,8.6,SYNPEN020,24,occupied,FINISHER,manual,SYNDEV020,1
SYNREC100,SYNBATCH020,2026-03-18T06:00:00Z,137,95.2,3.11,3,7.5,SYNPEN020,24,occupied,FINISHER,manual,SYNDEV020,7
SYNREC101,SYNBATCH021,2026-03-19T07:00:00Z,99,54.6,3.11,4,5.4,SYNPEN021,21,occupied,GROWER,manual,SYNDEV021,1
SYNREC102,SYNBATCH021,2026-03-20T04:00:00Z,107,61.4,2.8,3,8.3,SYNPEN021,21,occupied,GROWER,manual,SYNDEV021,1
SYNREC103,SYNBATCH021,2026-03-21T01:00:00Z,109,63.7,2.95,3,8.8,SYNPEN021,21,occupied,GROWER,manual,SYNDEV021,1
SYNREC104,SYNBATCH021,2026-03-22T08:00:00Z,114,68.7,3.87,3,7.8,SYNPEN021,21,occupied,FINISHER,manual,SYNDEV021,1
SYNREC105,SYNBATCH021,2026-03-23T05:00:00Z,116,70.3,3.31,3,8.2,SYNPEN021,21,occupied,FINISHER,manual,SYNDEV021,1
SYNREC106,SYNBATCH022,2026-03-24T06:00:00Z,60,23.5,2.24,4,6.4,SYNPEN022,18,available,STARTER,manual,SYNDEV022,1
SYNREC107,SYNBATCH022,2026-03-25T03:00:00Z,62,22.3,2.02,3,8.4,SYNPEN022,18,available,STARTER,manual,SYNDEV022,1
SYNREC108,SYNBATCH022,2026-03-26T00:00:00Z,69,25.8,1.74,4,5.8,SYNPEN022,18,available,STARTER,manual,SYNDEV022,1
SYNREC109,SYNBATCH022,2026-03-27T07:00:00Z,72,29.9,3.27,4,6.4,SYNPEN022,18,available,GROWER,manual,SYNDEV022,1
SYNREC110,SYNBATCH022,2026-03-28T04:00:00Z,77,34.1,2.88,3,8.8,SYNPEN022,18,available,GROWER,manual,SYNDEV022,1
SYNREC111,SYNBATCH023,2026-03-29T05:00:00Z,93,51.3,2.98,3,7.6,SYNPEN023,27,available,GROWER,manual,SYNDEV023,1
SYNREC112,SYNBATCH023,2026-03-30T02:00:00Z,94,50.2,3.39,3,8.5,SYNPEN023,27,available,GROWER,manual,SYNDEV023,1
SYNREC113,SYNBATCH023,2026-03-30T23:00:00Z,103,61.6,2.78,4,5.8,SYNPEN023,27,available,GROWER,manual,SYNDEV023,7
SYNREC114,SYNBATCH023,2026-04-01T06:00:00Z,106,61.4,2.97,3,8.7,SYNPEN023,27,available,GROWER,manual,SYNDEV023,1
SYNREC115,SYNBATCH023,2026-04-02T03:00:00Z,117,73.5,3.79,2,10.9,SYNPEN023,27,available,FINISHER,manual,SYNDEV023,1
SYNREC116,SYNBATCH024,2026-04-03T04:00:00Z,52,18.3,2.32,4,5.4,SYNPEN024,24,occupied,STARTER,automatic,SYNDEV024,1
SYNREC117,SYNBATCH024,2026-04-04T01:00:00Z,54,21.0,1.95,4,5.5,SYNPEN024,24,occupied,STARTER,automatic,SYNDEV024,1
SYNREC118,SYNBATCH024,2026-04-05T08:00:00Z,57,22.0,2.41,4,6.2,SYNPEN024,24,occupied,STARTER,automatic,SYNDEV024,1
SYNREC119,SYNBATCH024,2026-04-06T05:00:00Z,65,25.5,1.8,4,5.6,SYNPEN024,24,occupied,STARTER,automatic,SYNDEV024,1
SYNREC120,SYNBATCH024,2026-04-07T02:00:00Z,69,27.8,1.76,3,7.8,SYNPEN024,24,occupied,STARTER,automatic,SYNDEV024,1
